Sorrento F00L,c05de380-5c95-439c-85f1-e93110b50410,20,47,enabled,connected,37,36.384293,-120.75603
Sorrento F40L,b15b2297-ab13-48c3-a1b3-b661e55141fe,11,99,disabled,enabled,21,37.921173,-122.08629
Sorrento F41L,c9298474-0db1-4471-aff3-0047b8d00eea,23,38,enabled,enabled,99,38.05465,-121.81243
Sorrento F31L,37f24493-f20e-4871-91bc-d39bce538c1c,18,53,enabled,connected,20,32.61585,-110.49677
Sorrento F41L,c04e5d85-3485-4468-85c0-7bc314129d80,13,42,disabled,connected,79,33.406776,-116.79053
Sorrento F41L,44618403-db0f-4952-961c-2feb0a375682,14,49,disabled,enabled,53,34.636475,-119.63075
Sorrento F41L,e674db31-fbce-40d3-ac13-ed9a68a64a21,22,73,disabled,enabled,47,0.0,0.0
Sorrento F41L,d768e05e-b9c8-4a97-b2f9-a95a9dab83cc,22,22,enabled,connected,73,36.57515,-120.889984
Sorrento F41L,33a67619-8d40-4ed8-9872-ccac0a5d6c53,20,25,disabled,enabled,65,34.977135,-114.179985
Sorrento F41L,242a6275-a6c9-4b1f-a80e-6b31a9dba1f8,25,70,enabled,enabled,57,36.338173,-114.9409
Sorrento F41L,6e580e78-dc19-471f-bb03-9315738a418d,28,72,enabled,connected,67,38.61626,-120.887924
iFruit 3,66da1fdd-23d3-456c-a38b-92c5230bda9e,26,25,enabled,enabled,37,36.50147,-114.93841
Ronin S2,f8a867a2-5551-49ab-aa1f-f51bae402a33,29,32,enabled,connected,59,34.01936,-117.51272
Sorrento F41L,e0345888-9720-4858-a8af-d7a9a96c0f2f,13,50,disabled,disabled,44,34.16835,-117.47011
Sorrento F41L,b31ec01c-b4ca-4c32-b3df-6aa6d8589aa8,29,22,disabled,enabled,87,33.04052,-116.35618
Sorrento F22L,cac0d640-6364-46f0-a689-937982f9f97a,25,28,enabled,enabled,27,44.294266,-123.16683
Sorrento F30L,c74767cd-aa44-4f4c-9936-d5f1445191e2,15,96,enabled,connected,50,38.73822,-122.727036
Sorrento F20L,67ed4895-8670-47aa-9d73-78611771bb3f,28,41,disabled,connected,66,33.739674,-111.27245
Sorrento F00L,6916afb6-18b0-4386-a31c-14710b554af3,32,37,disabled,connected,53,37.207886,-119.39551
Ronin Novelty Note 1,14118129-ee5a-4f73-b97a-70b94348f48a,19,29,enabled,enabled,61,45.418636,-117.58733
Sorrento F41L,497e8662-6ebf-4ea4-8ca5-1c886a3dbc28,11,55,enabled,disabled,96,34.589603,-117.56923
Sorrento F00L,07bf4dbc-7041-4422-82f5-a62f02e89b67,21,88,enabled,connected,25,33.190754,-117.04454
Sorrento F10L,9bfcb52b-926c-495b-9439-84f613884f5f,14,98,enabled,enabled,4,38.558704,-121.235245
Sorrento F11L,2f04d3ff-9dfd-4f5d-b755-ac4507649ffb,19,26,disabled,enabled,58,35.236225,-114.16217
Ronin Novelty Note 1,805e4d3b-1123-4504-9465-ce16589667d0,21,36,enabled,enabled,2,37.99245,-121.86892
Sorrento F41L,6a6bd5ab-6f00-4232-801a-af57af064111,32,30,enabled,enabled,53,43.01183,-122.609604
Sorrento F41L,0ec0a4ec-3bd3-4250-aa0f-31394654dcfb,14,56,connected,enabled,80,34.03949,-116.6357
Ronin S1,31bbb0a1-55e3-4603-a4e8-d03025a6d1df,14,40,enabled,enabled,27,34.493965,-117.69857
Sorrento F22L,b931bdb4-6e3b-4699-88f3-ab395ecbc13f,32,61,connected,connected,36,40.128643,-122.15323
Sorrento F41L,fdf2d9ea-4eef-4dd4-8aff-c12c254986f7,34,35,enabled,enabled,40,39.369816,-120.3873
Ronin Novelty Note 2,3cb4aeae-511c-4763-a009-80ad05b33042,10,29,enabled,enabled,33,34.33316,-117.94022
Sorrento F11L,d5ed2e33-fbe0-4d7b-a798-4b2903b93a8d,17,26,enabled,connected,68,33.38521,-111.51873
Sorrento F20L,d452a103-a996-4aee-b294-87ae44b1139e,15,41,disabled,enabled,44,34.177643,-118.449974
Sorrento F11L,3e954351-6d80-49cd-88f3-895ec9266600,26,26,enabled,connected,54,39.098156,-121.041245
Sorrento F10L,5e2b8aac-4a38-4ef4-b161-68493e6e6db2,15,51,connected,disabled,67,37.782364,-122.173706
Sorrento F41L,fbbc097d-f570-4579-b3bf-84f45d98535a,19,53,enabled,enabled,62,37.66622,-121.63668
iFruit 2,d86fbaa6-b71b-435f-a0bf-5304a202a70b,16,37,disabled,enabled,11,34.626625,-118.37908
Sorrento F31L,0d30304d-3ffe-4b71-aad1-af1674c615d2,15,31,disabled,connected,0,34.419304,-117.83403
Sorrento F41L,d768e05e-b9c8-4a97-b2f9-a95a9dab83cc,25,44,disabled,enabled,96,36.693707,-120.961334
Sorrento F41L,c912d459-c749-48f8-8e15-5707d926437c,25,35,enabled,connected,50,41.88587,-123.82247
Sorrento F10L,c352d31a-0d60-4380-bb28-f29c1be44180,19,45,disabled,enabled,10,38.347183,-122.20793
Sorrento F41L,e2d4bd9b-2925-4b70-82dc-d85d108e4c8c,28,49,enabled,enabled,76,33.668537,-111.32688
Sorrento F41L,04eed295-6d84-46e2-8a44-9d65b171525d,22,26,connected,connected,69,34.213863,-116.86333
iFruit 3,db360838-0203-4c55-aa7b-82f9b7771eff,33,82,disabled,enabled,63,39.114662,-119.34966
iFruit 1,61f3f622-427a-4020-98e6-d6a4fccc369c,24,55,enabled,connected,11,40.15122,-122.35883
Sorrento F41L,67848d06-9a37-4877-80a3-9bbf7300b300,14,69,disabled,enabled,92,34.296085,-118.06276
Sorrento F10L,c52de9bb-0d8d-48b1-91d9-7c33a1fce3f4,11,38,disabled,enabled,30,34.43465,-118.67815
Sorrento F30L,16b28827-8dc1-482b-a669-68e4bd8fe417,18,47,connected,disabled,40,38.86586,-122.88638
Sorrento F30L,ee81e5ac-6ebd-4bae-9738-476c5c59daf5,31,65,enabled,enabled,31,39.07403,-119.334785
Sorrento F10L,a22895fa-9617-45ef-921d-e6a1f3b69eed,18,61,enabled,connected,16,34.008015,-117.569786
Sorrento F10L,a3cc38d5-e7ee-49b2-aac4-a668eeed98a5,17,29,disabled,connected,7,34.68221,-118.19638
Ronin S1,efacfc95-55db-47a1-a1b4-b55c1b91e9ec,29,38,enabled,connected,49,33.313164,-116.582115
Sorrento F10L,66366c62-066d-45d5-a3e3-00717541bf8d,14,22,disabled,enabled,46,36.51951,-115.00514
iFruit 4A,184cebf6-fe5c-407b-aadc-353e4ad05a80,33,35,enabled,enabled,24,39.45016,-114.46383
iFruit 3A,1b8283a7-422d-436a-a2d9-07f7bbef518c,15,20,enabled,enabled,52,38.701828,-120.95659
Sorrento F41L,aa7868f0-e59b-4b3f-a5e6-fc98366602fb,33,33,enabled,enabled,98,34.55204,-116.29629
Sorrento F00L,7bf179af-35e4-40df-a7d7-aae16a726e23,19,57,enabled,connected,17,39.44435,-114.4284
Ronin S2,cbc6f529-054c-439c-bd7c-0eda221cb9db,15,91,enabled,enabled,0,43.163704,-122.56358
Sorrento F41L,3999032f-d056-4a7a-b55a-64fdd67ac1f0,17,46,enabled,disabled,56,37.252747,-121.315315
Sorrento F11L,38901245-a125-4fca-b4dd-12351187d534,19,43,enabled,enabled,44,34.55314,-118.02681
Sorrento F01L,3865d7e4-c997-4381-b3f7-a9a0536a0b4b,25,94,disabled,enabled,23,36.597866,-115.06641
Sorrento F40L,cc791bbb-3068-445f-a90a-4ea014e1e22b,20,22,connected,enabled,38,45.467102,-122.2237
Sorrento F41L,c695c399-af6d-4aa4-9114-63ed6242be59,23,67,enabled,enabled,72,39.40051,-119.40152
iFruit 2,2d1af82b-5ee4-4516-bf99-a20a95fdfb02,30,89,disabled,connected,65,39.354885,-119.455315
Sorrento F41L,5194c670-2463-40d8-8dd5-7bbecd86f8ca,10,63,disabled,connected,71,34.301292,-117.78368
Sorrento F01L,5f40cfa4-19b1-47e2-bb06-0c1d08ffba59,27,60,disabled,connected,41,36.05053,-119.18014
Ronin Novelty Note 2,490d9da9-16ef-4016-81bc-5f72eb5cb2a4,34,53,enabled,disabled,55,39.304108,-120.73048
Sorrento F31L,28cfa4f0-8635-46e5-b3e0-44b8126f215a,27,24,disabled,enabled,51,33.568275,-109.05115
Sorrento F41L,84da4e75-8439-4516-bf13-65639b952685,33,57,connected,enabled,65,37.386436,-121.92101
iFruit 4A,862924a7-e8d7-4c17-b328-9b041b9c2b3d,25,76,disabled,disabled,15,34.099045,-117.9113
iFruit 2,f1e454d9-7420-4ae9-b7eb-10022a9e991e,21,42,connected,disabled,18,33.135174,-116.87878
Sorrento F30L,06cff20a-f574-4a88-b026-4e8142330d20,27,78,connected,enabled,12,34.40817,-118.80858
Ronin Novelty Note 3,c8c54be7-a518-4bd8-9812-dd8efafe63c5,22,49,enabled,enabled,4,35.095966,-111.46494
Sorrento F41L,161c10cd-79bf-42e2-b2ec-5e2dd193becf,31,23,enabled,enabled,48,39.033955,-120.87671
Sorrento F30L,ec99840e-91fc-4030-8bd8-21105e4a776c,29,39,connected,enabled,18,35.46294,-120.43865
iFruit 3A,9b65bcf0-60ef-428b-a1a2-fb20289202a4,18,64,disabled,connected,65,34.564762,-117.86846
Sorrento F41L,45989dc7-90ec-4271-b7f5-e8caaf7681f5,27,54,connected,enabled,92,33.802402,-112.090546
Sorrento F41L,c5c923aa-a7a1-4779-aac1-1a5c0a729e59,27,55,enabled,enabled,58,34.25433,-118.03364
Sorrento F11L,b78ffccd-26df-41a7-918c-1e1270ee417f,22,29,connected,enabled,64,36.1836,-114.87064
Sorrento F41L,216d7b5c-a225-43bc-a2dc-f3780d282c2b,27,34,enabled,enabled,45,37.951252,-119.644356
Sorrento F41L,d07d4dc9-0328-4a88-857c-061aed593c47,21,74,enabled,connected,91,39.307434,-119.70873
Ronin S2,8a28e320-7d9d-47a3-b8b9-4d00356e451e,24,55,enabled,disabled,51,42.886467,-122.703445
iFruit 3A,ba379cd5-1523-4c4b-bde1-2b0db8567c32,30,55,enabled,enabled,51,34.58358,-118.36056
Ronin Novelty Note 3,2f538f34-851b-4047-9249-8c231d1d0d47,27,21,enabled,enabled,24,33.981808,-116.92074
Sorrento F41L,27ada449-da0c-40a9-b02a-f138e6ff3a0b,26,73,disabled,enabled,81,35.5523,-120.29505
Ronin S2,17b0aa6e-94e3-4dae-b65f-3dfb320d9ba3,28,28,enabled,enabled,0,34.570084,-118.03038
Sorrento F41L,124e5009-6a46-49f2-b1c1-c3d8cc757adc,17,43,disabled,connected,99,38.404076,-121.30532
Sorrento F11L,9afc51a5-d2f2-432b-87b5-c011bcd26bfe,23,93,enabled,enabled,16,35.441826,-117.8803
Sorrento F41L,8be4ede2-d235-44eb-95b1-7321b23993d1,28,73,disabled,enabled,44,36.216248,-121.05414
Sorrento F41L,dc7c2742-e13c-418f-b8a7-d5d0b7e5f04f,24,35,enabled,connected,53,33.81321,-117.85194
Sorrento F24L,c543f803-51c0-4b29-b8e5-b5d7db9e8dc2,27,39,disabled,disabled,29,36.392654,-121.09188
Sorrento F24L,f141aa72-f0ea-4e61-b2bc-1e1dabcc926f,21,92,enabled,connected,45,39.468548,-121.09896
Sorrento F41L,7dfc72ee-afe1-480a-9920-e8a071584341,12,40,enabled,enabled,53,40.793064,-119.43292
Sorrento F11L,14ca4696-072f-4d06-96e5-fddc9851aff5,29,55,enabled,enabled,37,0.0,0.0
Sorrento F30L,2bc5ef14-a085-4b13-a9cd-384ff3276032,17,57,enabled,connected,25,36.083614,-119.18162
Sorrento F23L,f2140024-21ac-4706-aa9d-fa06a6ffe9b4,31,49,disabled,disabled,64,38.078598,-121.88208
Sorrento F41L,f071aedf-71de-4dce-b9b0-0d70282cdbb5,17,26,enabled,connected,79,33.28864,-111.27822
Sorrento F41L,84e6fb0f-eab9-45d5-8c76-8e8ba2fd0c93,10,64,enabled,enabled,46,42.842327,-122.5114
Sorrento F41L,998ddcfd-2ee2-4a8c-abea-831ddd874295,22,71,connected,enabled,87,34.303997,-117.5119
Sorrento F41L,2a1f4c01-d91b-4245-9af8-ee1c55da3a75,27,60,enabled,connected,67,0.0,0.0
Sorrento F41L,03103e73-ed05-4016-87f2-420693f98e6e,11,33,enabled,connected,79,35.226837,-114.240105
Sorrento F41L,518a9226-145e-4f68-b8fd-30229fcbf600,30,59,disabled,enabled,66,0.0,0.0
iFruit 3,b980a63a-548d-4859-9dcc-31d3eb618405,31,39,connected,disabled,23,34.535255,-116.071556
Sorrento F41L,71998616-8ddb-4533-916c-7ffd9245d713,18,46,connected,enabled,96,33.349552,-111.76811
Ronin S3,109571bc-dc39-42c7-88d9-8f53c89b9fd6,17,41,enabled,enabled,10,38.49393,-122.85819
Sorrento F41L,6bc57b51-80a6-4f91-8491-77471555c85f,30,36,connected,enabled,41,35.25934,-114.28006
Sorrento F22L,cacd1e8e-34cf-4b96-9445-908b6aa8bf0d,27,82,enabled,connected,8,34.407787,-117.24121
Sorrento F41L,4e9897bc-c8d3-4011-bcbf-5c84ce02692b,27,46,enabled,enabled,73,0.0,0.0
Sorrento F41L,9db0ce36-818f-473c-8cd3-830fcd04a428,14,65,enabled,connected,84,36.200535,-114.49663
iFruit 4A,669c034a-3064-4876-b3d8-4de84fdc2212,33,45,enabled,disabled,11,34.50762,-117.941666
iFruit 3A,9b65bcf0-60ef-428b-a1a2-fb20289202a4,19,58,enabled,enabled,48,34.388947,-118.20208
Ronin Novelty Note 1,8f66872b-a3d1-4b8a-b11d-249ba14840a2,18,81,enabled,enabled,37,34.17395,-118.39562
Sorrento F41L,a33bc727-eed8-469a-aa8b-d1d73af39a6e,19,70,connected,enabled,75,0.0,0.0
Sorrento F41L,04eed295-6d84-46e2-8a44-9d65b171525d,31,42,enabled,enabled,75,34.126217,-116.62616
iFruit 5A,2c4c92e4-611b-4b8b-8716-612c38e6e4cd,21,99,enabled,connected,44,34.045666,-118.06098
Sorrento F41L,6a290250-55f8-4c12-9165-c1dd966f51a1,20,28,enabled,enabled,54,36.435364,-119.16933
Sorrento F31L,31e9ac37-6cdd-42af-b055-68a9fa9dbc21,29,98,disabled,enabled,36,45.857338,-123.02986
Sorrento F41L,fdf2d9ea-4eef-4dd4-8aff-c12c254986f7,24,46,connected,enabled,66,39.37805,-120.51323
Sorrento F11L,3c60bcf2-12f2-4e26-91c9-882f4bc387c1,20,92,connected,enabled,69,32.756035,-116.65871
Ronin S1,9c82628f-cb22-4ceb-998f-e943dc1ca5bb,24,91,enabled,disabled,10,32.933296,-116.878105
Sorrento F31L,c680ad45-b267-4d04-ab6b-23eccda2886e,27,85,disabled,enabled,60,0.0,0.0
Sorrento F41L,ff204369-2730-4e4a-8894-30d0b4f2afdf,19,67,connected,connected,78,34.233414,-118.3014
Sorrento F41L,41f3981c-83bf-4428-ad2a-0a5b0e2bc312,26,53,disabled,connected,62,38.135086,-120.09936
Sorrento F41L,33a67619-8d40-4ed8-9872-ccac0a5d6c53,10,58,connected,enabled,65,34.79511,-114.36705
Sorrento F11L,94a85b30-0085-4c55-a649-8f8577393728,22,81,disabled,connected,46,45.405224,-117.75921
Ronin Novelty Note 1,abeff8ee-6765-4db7-a2e0-3621782e3e40,17,56,enabled,connected,19,34.745117,-118.26257
Sorrento F01L,e8dcdd15-e8bf-4a77-b3fe-44bc4e525dca,23,56,enabled,enabled,51,33.0313,-116.58165
Sorrento F41L,7097f48f-f359-4bcb-95d1-09794783b931,12,28,disabled,enabled,84,42.176575,-123.89613
Sorrento F41L,cb7cbc1c-7663-4308-b8f0-b813c0dd4d3d,23,40,connected,enabled,80,36.03597,-119.08665
Sorrento F00L,1d585344-f4e2-4629-9e68-349e923000db,14,70,enabled,enabled,14,37.470516,-122.26989
Sorrento F11L,6e56e3e6-ac43-4287-9c55-31ac00e151f7,12,63,disabled,connected,13,45.4493,-117.58623
Sorrento F10L,b6f4461f-f54b-4651-8637-b7df2d6d42d5,33,51,enabled,enabled,9,34.734173,-118.341644
Ronin S2,75d97f42-caca-446d-ac02-cbcd7ec44e8a,30,45,enabled,enabled,68,38.130775,-122.3551
Sorrento F32L,0026b3b8-a9ff-429f-a179-0226e21dad43,28,88,enabled,connected,31,33.704403,-111.902824
Ronin S1,2dac43d4-9f4f-46d6-a3d2-22ff5aa9e091,22,67,enabled,enabled,0,36.18148,-114.85239
Sorrento F41L,ecef7e29-1246-49f6-b8cc-02e90ebfef34,22,43,enabled,enabled,44,34.51537,-117.185005
Sorrento F00L,35d73fdb-212e-4ad7-9f1d-6b24d659bafb,27,22,enabled,enabled,43,33.057323,-116.7596
Ronin Novelty Note 2,b50fac9f-7957-4d06-bee0-70930e18a8c0,26,75,enabled,enabled,22,33.66753,-111.81641
iFruit 4A,3a60e6e4-9dd8-4ac2-8603-6e364be88c60,19,38,enabled,disabled,27,38.143627,-122.18805
iFruit 5A,5932b3e7-6f09-401c-878f-9896fef6f246,28,26,enabled,enabled,65,37.84869,-122.34901
iFruit 1,4c9cc0f1-15a5-4aff-b8a8-3c85663aba2a,21,82,connected,connected,65,37.425854,-121.894066
Sorrento F40L,e5ce2c42-bad6-4a58-bc81-510a6cbb33cd,26,51,enabled,enabled,7,34.28774,-118.08286
Sorrento F41L,bd11c7c2-18ad-464a-b307-a99a7e08312f,19,58,enabled,enabled,95,39.615253,-114.490776
iFruit 2,0cdda99b-96aa-4430-9d8d-a54b2cc2980e,13,91,enabled,enabled,39,34.358463,-117.70483
Sorrento F31L,977aa883-ed27-480f-88e2-c89b4ceca6fd,29,93,disabled,enabled,12,43.12159,-122.46457
Sorrento F20L,8020bba7-e4b8-4e37-8084-01ba238ebcf4,14,22,enabled,connected,13,34.2379,-118.075935
iFruit 1,025d2960-f9f3-40af-8e36-563a7c789a92,26,62,enabled,enabled,59,33.79717,-118.07281
Ronin Novelty Note 4,9120a3bc-4a25-4a99-9d8e-b49fca1676e4,19,59,enabled,enabled,57,40.980892,-119.49477
iFruit 1,57f37dae-0964-41cb-a641-661a9c174010,23,28,connected,disabled,43,33.17401,-116.39814
Sorrento F20L,67ed4895-8670-47aa-9d73-78611771bb3f,20,59,enabled,disabled,62,33.428738,-111.63815
Sorrento F20L,7be6964c-e113-46d4-88e0-08313eba9990,30,88,connected,enabled,32,0.0,0.0
iFruit 4A,c8316c8b-284a-4f83-ae96-1235b4d9822c,18,51,connected,connected,17,33.893482,-117.731834
Sorrento F41L,30535405-dc56-462a-bb90-701d0121f143,21,66,enabled,enabled,56,34.45712,-118.091736
Sorrento F41L,8b60d692-0cd3-4fa7-a7ac-d1f3eadc0844,19,72,enabled,connected,51,36.582558,-121.03796
Sorrento F20L,341fdb09-8df7-4a6a-9483-a927eea1cd82,34,31,enabled,connected,17,36.016624,-114.49065
iFruit 2,0b7f12d4-6558-4d53-834e-a25db6a2cc1b,12,82,enabled,disabled,61,37.65125,-121.77024
Sorrento F41L,d3633707-f743-4ef0-9d77-1d25814964a7,26,20,disabled,enabled,71,35.146545,-115.493126
Sorrento F23L,04b46a5c-d7e2-41d0-8393-50d4b758a8ba,30,30,enabled,enabled,46,41.46158,-117.26239
Sorrento F41L,a2fb2db1-9749-4566-a9ae-c0f2003b185d,15,39,disabled,connected,41,36.48905,-114.936295
Ronin Novelty Note 1,716a7de9-1009-48a4-89dd-875cdd34b595,18,72,enabled,enabled,8,35.42337,-117.95761
iFruit 4A,728f7687-ca15-4468-8655-8e6187fbc94b,28,46,disabled,disabled,22,32.625145,-110.7991
Sorrento F23L,a44df7e0-3f6e-4c7b-84fe-c2abe9255f97,21,52,connected,enabled,45,34.42561,-118.01062
Sorrento F41L,fc55a1c6-5a2c-49ac-bbbb-e41e777e60b0,25,32,enabled,connected,80,32.845333,-116.83081
Sorrento F41L,437cdd72-7f26-4e9d-b7e7-164c721ea7a7,28,55,enabled,disabled,44,42.11719,-124.08344
Sorrento F41L,dc7c2742-e13c-418f-b8a7-d5d0b7e5f04f,26,64,disabled,disabled,93,33.969208,-118.12396
Sorrento F30L,e532b3d0-780d-4981-89e2-3ea8ca7b6ffa,33,32,enabled,disabled,48,34.546158,-117.75985
Sorrento F41L,6bc57b51-80a6-4f91-8491-77471555c85f,29,22,disabled,connected,45,34.84998,-114.48134
Sorrento F33L,5dbd1f40-b471-4343-8eac-1a43f6285393,32,37,enabled,enabled,54,32.400375,-111.55407
Sorrento F22L,7cb4de90-a32f-463a-afce-958c045e9788,22,74,disabled,connected,67,45.69202,-122.80649
Sorrento F30L,b2e6e64e-c7b3-4d14-be50-febb558ce739,10,23,enabled,enabled,32,38.44322,-121.11419
iFruit 2,d01bce3f-85b9-4904-9bd4-f8e91ed4b9c4,10,63,enabled,enabled,23,34.698856,-118.24541
Sorrento F32L,399915b4-7a55-44af-986e-d20c22aeaa8a,13,65,connected,connected,30,32.991604,-116.52516
Sorrento F41L,030fefd7-d749-4104-b95f-aaaae1739477,32,55,connected,enabled,81,34.389946,-117.348175
Sorrento F41L,d8e8c213-1bd1-4304-bae7-2b1280782b96,27,38,enabled,connected,64,34.467175,-118.08022
Sorrento F31L,e992613d-4286-4f2a-9123-72810af3fb61,15,67,disabled,disabled,2,0.0,0.0
Sorrento F41L,c5c923aa-a7a1-4779-aac1-1a5c0a729e59,34,45,enabled,enabled,49,34.2027,-117.76404
iFruit 1,bf701e1d-6f52-463b-a31a-0f95bae933ba,11,61,enabled,enabled,66,34.33677,-118.40014
Sorrento F10L,c352d31a-0d60-4380-bb28-f29c1be44180,25,46,enabled,enabled,42,38.081264,-122.267624
iFruit 1,d59335e3-c0fa-4f87-83c6-36e8a49c7607,12,98,enabled,disabled,37,32.62927,-110.47974
Sorrento F10L,45a21560-3e4a-4e95-924b-4acfc98ac974,28,67,disabled,disabled,38,0.0,0.0
Ronin S2,624bcecf-23b1-49d5-a5e8-b4327e6b341f,31,85,enabled,enabled,16,36.28879,-114.68907
Sorrento F11L,7378f27f-cfb0-4f2b-8051-4e4dde05022a,20,38,enabled,connected,57,36.207607,-113.92716
Sorrento F24L,c543f803-51c0-4b29-b8e5-b5d7db9e8dc2,31,73,connected,disabled,22,36.486923,-120.9326
Sorrento F41L,a30bbdf4-c798-4c7f-828b-025d8a0122c5,27,30,disabled,connected,68,36.442924,-120.82967
Sorrento F10L,a6ffbc50-ecfb-4cc9-be1e-7ab6c2d49b4b,20,48,connected,enabled,17,33.478603,-116.68728
Sorrento F21L,1550e0d7-2fc0-4fd8-a743-3d312df8effa,33,35,enabled,connected,33,34.790695,-111.759735
Sorrento F41L,b19d47d3-16b9-47eb-b2aa-31e427e27d45,23,22,connected,connected,66,34.455894,-118.595566
Sorrento F41L,bbf7f99c-c274-4f0f-be70-0e89bff260e2,21,74,disabled,connected,99,34.622,-118.25372
Sorrento F41L,9408f84c-ec2f-4bc6-a9ca-1c8defcd30f1,21,63,enabled,connected,48,34.531216,-117.48714
Ronin S1,b707f889-4d8f-48b6-aebd-02278196d383,23,26,enabled,disabled,25,37.924717,-119.71162
Sorrento F41L,f5e52b95-8857-4ce0-adf7-44c133ffa798,30,63,enabled,enabled,92,37.209637,-119.24592
Sorrento F41L,44618403-db0f-4952-961c-2feb0a375682,13,39,connected,disabled,86,0.0,0.0
iFruit 2,094d3b54-7e4c-4f41-8136-b313408fa741,23,60,enabled,enabled,19,37.73722,-121.69652
Sorrento F20L,f9e62946-babf-4530-a14f-03582f4c4fd5,30,77,disabled,connected,7,38.574184,-122.05044
Sorrento F41L,2fee18bf-5d80-47c9-aea7-bf9ac10e5fc5,26,41,enabled,enabled,58,37.363785,-121.63667
Sorrento F10L,bc4a3c82-8921-4397-a48f-66819741c38b,18,52,disabled,connected,5,33.25184,-116.40895
Ronin S1,6d6f570c-94c1-4239-9d4b-bed958df8da4,24,42,enabled,enabled,48,36.045834,-114.01001
iFruit 2,094d3b54-7e4c-4f41-8136-b313408fa741,20,94,enabled,enabled,48,38.066895,-121.839195
Sorrento F20L,d452a103-a996-4aee-b294-87ae44b1139e,31,34,connected,enabled,52,34.19178,-118.32373
Sorrento F41L,62540f29-8dc6-4870-83ed-f884aa9ca0fb,15,70,enabled,connected,96,44.373135,-122.79377
iFruit 3A,12babffc-eee0-4f6f-bd9e-330b3cb4982c,30,70,enabled,disabled,30,34.15282,-118.240616
iFruit 4A,3a60e6e4-9dd8-4ac2-8603-6e364be88c60,18,82,enabled,enabled,1,37.870026,-122.08655
Ronin S3,52eb6aa3-f024-48a1-b219-8bf846b2d8eb,31,72,enabled,disabled,26,36.15866,-114.511856
Ronin S1,8249f871-3850-43dd-94d2-2fde7df26828,10,52,enabled,enabled,67,33.72934,-111.97183
iFruit 5A,8791770e-1d8e-40fc-90c7-ed51190b40c9,17,67,enabled,connected,0,33.194298,-116.509636
Sorrento F41L,3985140f-7205-43e4-8c56-4e908df08e32,26,24,enabled,enabled,73,39.460323,-120.47617
Sorrento F41L,86bef6ae-2f1c-42ec-aa67-6acecd7b0675,22,34,connected,enabled,51,45.407963,-122.340576
Sorrento F41L,38e0065d-6b61-401a-8cef-a7b6bbb51c88,12,67,disabled,connected,86,34.331676,-117.57469
Sorrento F41L,a7d8b5be-423e-49a3-82e1-37e707160f70,21,59,disabled,enabled,44,34.08588,-117.82705
Sorrento F00L,f7ce2afb-2f08-4e1c-8513-dd09647aa4ea,18,99,disabled,connected,51,37.581738,-121.4778
iFruit 1,93df0adb-b626-4f33-a710-0837c3b39177,18,63,enabled,enabled,45,34.308468,-118.015274
Ronin Novelty Note 2,490d9da9-16ef-4016-81bc-5f72eb5cb2a4,33,26,enabled,enabled,18,39.598785,-120.67867
Sorrento F20L,e2464d1a-c8de-4e45-a678-d821b308fd37,21,61,enabled,enabled,17,34.26861,-117.96039
iFruit 3,1076391e-d8e4-4896-bee8-cf0006f6e22d,28,81,enabled,connected,40,37.72044,-121.86082
Sorrento F21L,a80a449e-00ec-4093-80d4-48af0bc4bbde,13,92,enabled,disabled,36,38.205936,-122.712524
Sorrento F21L,de64f6d7-d174-4e93-bb85-4c76982f3224,32,47,disabled,enabled,37,35.63221,-111.47464
Sorrento F20L,cd0621d9-3f27-4025-a6fe-aeeb2d0b8724,24,75,enabled,connected,58,35.760685,-120.49412
iFruit 4A,c8316c8b-284a-4f83-ae96-1235b4d9822c,23,34,disabled,enabled,46,33.924286,-117.55735
Sorrento F41L,28ab43fd-1e69-4c1a-802d-d58afa527625,26,21,enabled,enabled,91,37.64252,-122.21697
Sorrento F41L,1c1f9e7c-48b2-4d70-94b1-8f70301132d9,18,40,enabled,enabled,93,45.417873,-117.749794
Sorrento F30L,71140fb7-480d-42bc-b2cf-f77ad19d26ff,28,78,disabled,enabled,60,0.0,0.0
Ronin S3,4480a395-f401-4a9d-92d9-06b6094c5a66,21,55,enabled,disabled,40,36.13118,-118.805786
Ronin Novelty Note 1,716a7de9-1009-48a4-89dd-875cdd34b595,11,50,enabled,enabled,25,35.26137,-117.55677
Sorrento F11L,e79dbcb5-08c7-454c-9b2e-c594fb96dc22,32,70,connected,connected,18,38.40864,-121.108505
Ronin Novelty Note 1,a246093f-5afb-4574-a9b8-0602b352103d,34,37,enabled,disabled,6,43.171066,-122.40851
Sorrento F41L,57360268-f2f8-4ee8-b14d-4ddd44b856c2,10,48,disabled,disabled,92,34.619545,-117.78164
Sorrento F01L,5693eda3-1d4e-4ea2-90e2-06edb36ff1ab,13,88,connected,enabled,42,33.67563,-117.44067
Sorrento F41L,86d93f67-0287-4e85-8472-076aa8b9fa42,10,35,enabled,enabled,85,37.457924,-122.14091
iFruit 2,9531e609-ee8c-4ac7-b8c3-17458f6c03d4,26,24,enabled,connected,63,37.088253,-119.20681
Sorrento F41L,a6aa3822-21cd-46c9-b029-f9ce9a750140,28,72,enabled,enabled,92,37.178886,-121.8273
Sorrento F41L,5e27562a-b8df-4500-9bce-b1951c608c6e,14,21,enabled,connected,50,33.443657,-116.50178
Sorrento F41L,5c2babc4-1083-4d27-be84-1f2ce23254f7,13,74,enabled,enabled,92,34.70676,-119.34973
Sorrento F01L,cdae7984-45e2-4ed8-b73a-40b257df2e67,18,46,enabled,enabled,24,37.280586,-121.70713
Sorrento F33L,8ee1d3a9-d597-40c2-8e57-788a1e5ea6c7,16,71,enabled,enabled,63,34.14535,-117.5075
Sorrento F20L,87736035-26c6-4acb-9af9-2fd689f83020,14,81,enabled,connected,4,34.14259,-117.47963
Sorrento F41L,63d39fe1-7d47-407e-a74a-a5c75493d80c,18,34,disabled,connected,76,36.103973,-113.831894
Sorrento F41L,bbf7f99c-c274-4f0f-be70-0e89bff260e2,24,25,connected,enabled,65,34.31174,-118.09454
Ronin S3,284ff674-a65d-4911-994f-70a62a341f00,13,55,enabled,disabled,14,33.84399,-118.15869
iFruit 2,512a2a3c-e372-4f00-8c44-d3cdfdafc77b,20,89,enabled,enabled,47,44.606697,-122.89683
Sorrento F24L,e120665d-8b0b-4213-836a-19571ffeda5e,33,82,enabled,connected,56,36.41085,-114.823906
Sorrento F41L,59604bbb-81b2-408e-b8b7-f45f942ccac3,23,51,enabled,connected,84,34.88628,-111.6596
iFruit 1,489de5e8-1335-4730-8bbb-6f56850b92d1,15,32,enabled,enabled,39,34.12676,-116.90012
iFruit 4,fe3fc8f0-d7b3-47a0-9dfe-8252128518cc,31,25,enabled,enabled,15,33.09339,-116.63365
Sorrento F00L,6bba7f8a-e396-4aa2-9502-8c5c306a795f,27,36,disabled,enabled,1,37.753063,-121.64858
Sorrento F24L,9c6a809d-3632-43ab-821a-646c54c1bd88,23,57,disabled,enabled,2,36.642735,-114.74905
Sorrento F32L,18378129-7675-4a02-a9ef-f2cbda6d6eb0,26,73,disabled,connected,57,35.77606,-120.50437
iFruit 1,372f5d18-a58c-4808-8c2c-e8bf82915ff5,14,60,disabled,connected,20,37.871796,-122.02994
iFruit 4A,d889ca37-84cc-4471-8c74-8481fc21b301,14,80,enabled,enabled,38,33.93479,-116.88339
Sorrento F00L,38650442-7980-40cd-b3be-d7b2826b1f57,32,21,enabled,disabled,48,38.94712,-121.2237
iFruit 3A,1b8283a7-422d-436a-a2d9-07f7bbef518c,11,27,enabled,connected,56,38.877342,-121.0019
Ronin S3,382af8bb-fa9d-4745-ad96-556c3afa4da5,17,92,enabled,disabled,5,32.672142,-110.67351
iFruit 1,2b5462a9-2d6e-43d3-b7fd-001659a70f88,28,37,enabled,enabled,55,37.560665,-121.75912
Sorrento F32L,3553cb00-178a-4c7b-8b8e-d448a4e01ede,26,76,connected,enabled,52,38.32185,-119.706635
Sorrento F10L,6a7feff2-88f4-4013-9e9e-6f86817f447f,20,37,disabled,connected,18,34.11404,-117.99791
Sorrento F01L,ba7f068f-6ca9-4143-aeae-b47c1f9be6b3,22,82,disabled,disabled,59,35.08406,-115.88685
Sorrento F41L,576e3b25-24ed-4e38-8892-d8f6681691de,21,45,disabled,connected,51,37.96287,-122.478035
iFruit 3A,f039b4e8-2eea-4002-ad9b-aadbf722185a,25,66,enabled,enabled,52,0.0,0.0
Sorrento F41L,37b54cf3-106f-4e8b-8e61-16f43101ff21,20,62,enabled,disabled,95,45.31405,-117.59034
iFruit 3,14415192-a57e-4be9-b9c7-e2b2b092437d,12,90,enabled,enabled,13,33.15523,-116.856094
iFruit 3,3d21e2b3-52bb-4c3f-bcf7-32a4b8f80b1e,16,89,enabled,disabled,42,33.705776,-111.88952
iFruit 2,7ce5b949-28c0-4f47-bda9-249c1014875c,33,29,enabled,enabled,50,34.37186,-118.117874
Sorrento F31L,37f24493-f20e-4871-91bc-d39bce538c1c,25,78,enabled,connected,45,32.526966,-110.54773
Ronin S2,75d97f42-caca-446d-ac02-cbcd7ec44e8a,19,40,enabled,enabled,37,38.01746,-122.638
Sorrento F00L,4d403ad9-e8e1-46c0-b5ba-7628d4c4f6ae,18,88,enabled,enabled,40,34.12029,-118.527664
Sorrento F10L,a5c95065-f1f1-455e-b4bd-fea305d11abf,15,30,disabled,enabled,64,35.40867,-120.50518
Sorrento F01L,8fd945d4-e140-40b2-9418-5f8f809e186b,13,64,disabled,connected,35,34.15495,-116.67748
Ronin S1,c89aa32a-c0da-4d7c-ae72-f5c18e254d9b,22,34,enabled,enabled,59,36.696953,-120.90456
Sorrento F01L,29e00320-b2b0-44e0-8aa9-34289549e68c,26,62,enabled,enabled,33,39.52495,-120.62784
Ronin Novelty Note 2,e195def0-b265-4346-9cdc-ada0a1a81592,21,38,enabled,enabled,53,35.097225,-115.48677
Sorrento F41L,1d7c4d02-7a2d-42c3-8f8f-7e8d3451ab5d,32,60,enabled,enabled,63,37.82607,-122.21199
Sorrento F41L,72114b9b-cc90-4e7c-811a-b67aac68025b,25,60,enabled,enabled,97,34.105015,-118.05079
Sorrento F31L,61297186-9d68-4cc5-887b-525de8479961,34,23,enabled,enabled,2,34.136253,-118.6013
Sorrento F30L,44b1aff7-c2bb-4264-8057-4f4d3f28bbbe,17,21,enabled,disabled,60,38.541332,-121.053
Sorrento F41L,437cdd72-7f26-4e9d-b7e7-164c721ea7a7,15,47,connected,connected,62,41.899055,-124.089005
iFruit 2,c30fe4d3-b1c4-419f-8a78-b7b28abde90b,18,83,enabled,enabled,53,34.772694,-111.32401
iFruit 1,80fb1abf-a488-4953-9f64-7a5913a54ff5,11,65,connected,connected,63,0.0,0.0
Sorrento F10L,9bfcb52b-926c-495b-9439-84f613884f5f,28,29,connected,connected,3,38.54987,-121.30029
Sorrento F41L,19c47c6c-33ec-43c9-9eed-85789ffc5f66,16,55,enabled,enabled,78,38.43091,-120.9666
Sorrento F41L,10941738-63ed-45c5-9623-d957e377bd12,24,44,enabled,disabled,45,37.665188,-122.10334
iFruit 3,476db2c6-33f9-48df-ae96-ad6931745ce2,26,58,disabled,disabled,54,32.148144,-111.597374
Sorrento F31L,63a7b700-2d58-4eab-b5b6-d630ce47df23,13,86,enabled,connected,10,37.9247,-122.12867
Sorrento F11L,5812dc7b-4918-42d1-bd21-321a494cfe73,22,57,connected,enabled,65,37.72053,-122.21874
Sorrento F22L,ea5544b0-6fb1-484b-ba4f-be23f2821655,24,62,enabled,disabled,22,39.672222,-120.50529
Sorrento F21L,98fa3a8c-47ee-4235-8c9b-fa0ad014720f,14,34,enabled,enabled,7,33.045967,-116.58691
Sorrento F41L,b343c885-2955-457f-a799-e51582776a09,17,36,disabled,connected,75,33.023594,-116.84957
Sorrento F11L,28787a5f-2c10-4dae-9a0f-ce477dc987cf,33,22,enabled,connected,57,33.75355,-117.773155
Sorrento F33L,8ee1d3a9-d597-40c2-8e57-788a1e5ea6c7,17,34,enabled,enabled,26,34.019863,-117.65628
Sorrento F01L,92a819e2-e79d-436c-b89f-2689471c4942,21,76,enabled,enabled,36,36.456112,-120.8607
Ronin Novelty Note 2,80600d70-735d-4c32-a0fe-d8f5924631c6,25,73,enabled,enabled,15,32.565575,-110.71051
Sorrento F41L,470c76f9-e94c-4dbb-a697-16420609df75,15,47,enabled,connected,83,37.243847,-121.22439
Sorrento F20L,f9e62946-babf-4530-a14f-03582f4c4fd5,19,80,connected,enabled,57,38.46344,-121.984856
Sorrento F41L,ee7ae08e-379c-496b-aa90-c432401a8e5e,33,40,enabled,disabled,74,33.403343,-111.86156
Sorrento F41L,93032079-2765-4099-b795-958fd51b5acb,30,62,connected,enabled,88,36.1701,-119.20918
Ronin Novelty Note 1,77057bf5-6e39-4cff-923b-66a5a5bcf2b4,20,68,enabled,enabled,11,34.21147,-118.23577
iFruit 2,c274231b-784a-4021-af28-638b3b9c0a12,11,23,enabled,enabled,49,34.200096,-117.82168
Sorrento F11L,61c1bf9e-2bf4-4714-9181-49a1297329aa,33,56,disabled,enabled,57,34.271404,-119.815384
iFruit 1,bd0ca8d2-c89d-47be-b791-9c89655492ab,31,90,enabled,disabled,56,34.658386,-118.28414
Sorrento F21L,cc084747-ebe1-4df9-a705-5c89111529da,23,79,disabled,disabled,33,39.700626,-114.28872
iFruit 2,f7cb6e4d-2589-4d32-b85b-53b4fdd0a1ab,14,69,disabled,enabled,29,37.372887,-122.063576
Ronin S1,e75dc777-b531-4dbd-80d5-39c772666e6a,11,62,enabled,enabled,33,33.3849,-116.49231
Ronin Novelty Note 1,496eebce-32fc-4ec9-9e05-e417d1427840,20,23,enabled,connected,42,38.87806,-120.98135
Sorrento F00L,e10d0c24-f953-4197-9e18-aac11e445e2d,32,22,enabled,connected,19,34.179787,-118.00602
Sorrento F41L,c41e9252-bc96-415b-9b75-71a429a459d3,18,33,disabled,enabled,45,34.602573,-118.448296
Sorrento F41L,5da47eb0-3040-427d-930a-0fcac44e45ad,30,24,enabled,enabled,61,34.19591,-118.470566
Sorrento F41L,ec0d3cd1-a201-4a36-8ac1-1d69acca5b0d,33,35,enabled,enabled,43,33.43925,-112.08746
Ronin S4,ba82827c-7de6-4f81-85c8-c497a4ef9418,24,29,enabled,disabled,57,43.042183,-122.48148
Sorrento F41L,f32dbb92-717a-46f3-a8f1-e819a8569675,31,48,disabled,connected,92,0.0,0.0
Sorrento F41L,020a4cd0-9539-48c6-b556-8725564f1f05,25,71,connected,enabled,53,34.058586,-109.05396
Sorrento F41L,668bacb7-4a3d-4963-8880-939437bfc856,16,49,connected,enabled,92,37.57177,-122.14319
Sorrento F41L,7bc556b9-479d-4fd3-a5e4-0fbaecf3c655,23,52,enabled,disabled,94,38.390553,-121.24232
Sorrento F41L,8451d263-5571-4025-a850-ba85e6036cf1,30,53,disabled,connected,93,39.49332,-120.40007
Ronin Novelty Note 2,7542db9c-1f9f-4a71-8002-1fb736c697f0,11,54,enabled,enabled,38,33.468433,-111.797806
Sorrento F41L,fc55a1c6-5a2c-49ac-bbbb-e41e777e60b0,13,74,enabled,connected,78,33.04984,-116.9822
iFruit 1,438d0372-c42e-46d6-b480-3b4fed8c2a79,14,37,disabled,disabled,20,34.49783,-117.75599
Sorrento F24L,6959e51e-a9ad-4b08-8fff-e2775348dee0,26,40,enabled,enabled,45,37.2416,-121.7301
Sorrento F41L,9db0ce36-818f-473c-8cd3-830fcd04a428,12,37,enabled,connected,92,36.142418,-114.57017
Sorrento F10L,1a4128f2-8353-4a25-98e7-f5ca3747a7ac,19,79,enabled,connected,27,37.896095,-119.85666
Sorrento F01L,e5cc035f-87cb-4697-b6a5-f968f38e3cb9,16,39,enabled,disabled,47,42.23975,-123.961334
Ronin S3,109571bc-dc39-42c7-88d9-8f53c89b9fd6,33,34,enabled,enabled,14,38.88956,-122.522354
Sorrento F41L,33b0aab8-64cc-4523-a310-f7bfab0bad9d,26,47,enabled,enabled,58,38.298584,-122.13033
Sorrento F41L,27495d3f-b510-4c35-b32b-5c559b84a9d6,22,39,disabled,disabled,41,35.763756,-120.49151
Ronin S1,10e0eda6-828d-44f5-b893-8946ca8b66e6,29,27,enabled,enabled,55,37.515343,-121.69452
Sorrento F41L,216d7b5c-a225-43bc-a2dc-f3780d282c2b,16,33,disabled,enabled,60,37.98861,-119.825905
Ronin S1,6d6f570c-94c1-4239-9d4b-bed958df8da4,20,96,enabled,enabled,33,36.42157,-113.799095
Sorrento F41L,af01f835-5b56-4cb0-af4b-b6e40654b8ee,12,34,connected,connected,75,33.400196,-111.26266
Sorrento F10L,281d5937-28ed-4fcb-93ef-fdf9a7ccbc1a,25,85,enabled,connected,32,33.974045,-117.818436
Sorrento F11L,6697fa3e-9b96-4048-9c2d-727cad56bd40,27,82,enabled,enabled,29,37.86575,-121.789536
Sorrento F41L,f392acb9-ff18-45e5-a01d-c190459fdb0f,26,34,disabled,connected,48,0.0,0.0
Sorrento F21L,9b1b332c-657a-4ed4-9338-ea2e847d34a1,10,47,enabled,disabled,63,0.0,0.0
iFruit 4,dc9bdaf5-ce88-4f7a-951d-cf16ada04834,31,22,connected,enabled,56,39.5177,-120.31198
Sorrento F21L,de64f6d7-d174-4e93-bb85-4c76982f3224,21,59,enabled,disabled,7,35.614834,-111.89736
Ronin S1,9c82628f-cb22-4ceb-998f-e943dc1ca5bb,13,38,enabled,enabled,14,32.92949,-116.99458
iFruit 4A,d889ca37-84cc-4471-8c74-8481fc21b301,15,30,connected,enabled,25,33.90677,-116.51137
iFruit 4,f5a357b9-3a0d-4feb-9fd5-297251dec171,28,84,connected,connected,61,34.26733,-117.88935
Sorrento F23L,a9e2e8cd-e22d-433d-919c-5da043144b93,26,20,disabled,enabled,33,36.417366,-114.51519
Sorrento F41L,d79a37e7-96fb-4aa2-aa9a-fab01ee210d3,31,37,enabled,disabled,42,33.004787,-117.000916
Ronin Novelty Note 3,9e265441-6270-4f02-bfdd-9bb3e0a53b1a,25,68,enabled,connected,21,33.413036,-116.630264
Sorrento F41L,998ddcfd-2ee2-4a8c-abea-831ddd874295,16,39,connected,enabled,49,34.104984,-117.97875
Sorrento F41L,89f630b4-7d95-4f3c-aa83-d203b874ade6,18,53,disabled,enabled,77,33.884636,-118.280685
Sorrento F41L,69c24040-c3b9-4c52-b52a-9f00aa5a489f,13,52,disabled,connected,43,0.0,0.0
Sorrento F41L,aa96a91d-514d-4662-ab52-2a21879d9320,18,63,enabled,enabled,95,36.0181,-114.783066
iFruit 5A,845b744a-4018-49c5-b70b-18b001ee2b86,32,25,enabled,disabled,15,34.045612,-117.69383
Ronin Novelty Note 2,71be8c2a-ad7e-492f-94e3-f243fe830953,17,48,enabled,disabled,69,34.51005,-116.346436
Sorrento F41L,9b62979e-d6a6-43d6-8a56-f34ef7a45170,30,20,enabled,connected,55,33.997204,-117.63951
Sorrento F22L,69ce4a6e-8290-46f9-8f43-d9139b9b0f08,29,22,disabled,disabled,40,35.768143,-120.10278
iFruit 3,164bb3e2-fe73-423f-a16c-e4c118f696b8,25,75,enabled,enabled,54,38.57772,-120.90762
Sorrento F41L,28b4fefa-8b09-4e52-847e-ce34b76bcd3c,30,44,disabled,connected,68,38.370228,-122.080696
Sorrento F41L,9e1c192d-6d4c-47c7-83eb-5044106ae12d,14,36,enabled,enabled,65,38.108425,-122.26245
Sorrento F41L,77f8533a-3e82-4ebc-b163-ae003be962b4,10,37,enabled,enabled,92,36.241924,-114.50782
Sorrento F41L,baca5776-d1b9-4b90-90e2-e518a1bebb35,28,74,disabled,disabled,56,36.2821,-114.77819
Sorrento F41L,6083826a-5dcf-4f5d-8bdb-c1a2ef37addf,13,24,enabled,disabled,87,44.323147,-123.09194
Ronin Novelty Note 1,77057bf5-6e39-4cff-923b-66a5a5bcf2b4,16,25,enabled,enabled,16,34.147827,-118.10213
Sorrento F41L,d3633707-f743-4ef0-9d77-1d25814964a7,11,59,enabled,enabled,78,35.041447,-115.63436
Sorrento F41L,08c613ba-70e7-4ee1-8417-907bcbd1df8b,20,36,enabled,enabled,51,34.261642,-117.49439
iFruit 1,489de5e8-1335-4730-8bbb-6f56850b92d1,18,26,disabled,enabled,47,34.225433,-116.48306
iFruit 5,5ee83039-0aeb-4f1e-9d99-1f9e641c5152,14,23,enabled,disabled,36,36.47582,-114.620125
Sorrento F10L,c352d31a-0d60-4380-bb28-f29c1be44180,19,63,enabled,enabled,46,38.22113,-121.98645
Sorrento F41L,9e22ca38-6e92-4582-b2d6-deb16ddcf75a,16,24,enabled,enabled,53,38.16119,-119.75714
Sorrento F23L,2c1def50-9f4b-4c35-8e30-e7b5fd8fda18,29,67,enabled,enabled,9,34.150406,-117.78946
Sorrento F41L,f9f802e1-740a-45fa-aad5-fd86af7f5e86,11,32,enabled,enabled,45,38.038937,-119.70522
Sorrento F41L,20b671b4-2467-42d4-9b41-5d3784360b9f,26,51,enabled,connected,57,0.0,0.0
Sorrento F41L,32c34b9d-af71-4780-a901-efad38ef009f,28,74,disabled,enabled,84,37.853844,-121.87277
Sorrento F41L,7340247a-a478-4cf7-a85f-3f8781edfc2f,12,59,connected,connected,85,36.26837,-113.6752
Sorrento F41L,74ceebf0-ba78-427f-a26b-1648795cf8fc,21,31,disabled,connected,56,37.790756,-121.46971
Sorrento F31L,8aa0d093-3592-445c-b2b7-5d6a25f3f223,23,89,enabled,disabled,47,34.30401,-117.83744
Ronin S1,85ac160a-d6e5-465e-a816-0eff321861c4,11,36,enabled,enabled,64,37.26871,-121.636024
Sorrento F41L,149811f1-9bf4-474d-b364-435c9bb5eb40,33,36,enabled,enabled,90,34.62102,-118.11465
Sorrento F01L,8b835207-94c0-4b96-a551-821a7d5c791c,19,97,enabled,enabled,63,36.10657,-114.8735
iFruit 3,66da1fdd-23d3-456c-a38b-92c5230bda9e,34,50,disabled,enabled,26,36.276337,-114.934456
Sorrento F11L,0bd0389d-1022-45d0-a105-a7eb3e7ceb8a,12,48,enabled,disabled,63,38.551186,-122.518166
Sorrento F41L,15aee3f7-0d01-4372-8244-ff5288934c27,21,62,enabled,connected,60,38.57577,-122.783516
Sorrento F00L,e23079ad-c237-406c-a16a-980eb8fd1ada,15,93,enabled,connected,51,34.25238,-117.87618
Sorrento F41L,f39063ac-f377-4075-97d5-bdd9973f664e,25,49,enabled,connected,86,34.53269,-118.283
Sorrento F41L,833bec3e-ee3e-4320-8880-0ee06e7b65b4,25,46,disabled,enabled,73,38.767357,-121.03042
Sorrento F41L,293a4d18-67e1-44cb-8aaf-f2adcbe0bbee,26,54,enabled,disabled,60,39.798733,-121.00052
Sorrento F20L,7c7b3e97-ef49-4985-8429-6622c9fa1237,26,71,connected,enabled,15,36.934017,-119.35458
Sorrento F41L,42d60857-cb92-42a7-9432-12b8d6032ecf,16,57,connected,enabled,88,0.0,0.0
Sorrento F10L,4b2deede-38e4-411d-ac36-68278833374f,10,87,disabled,enabled,65,45.22497,-122.45505
Ronin Novelty Note 1,fb2c6ba6-42b1-4a39-a4c5-47e7953d3b05,10,66,enabled,enabled,42,38.134018,-121.874626
iFruit 4,dc9bdaf5-ce88-4f7a-951d-cf16ada04834,33,21,enabled,enabled,35,39.278404,-120.265976
iFruit 4,dc9bdaf5-ce88-4f7a-951d-cf16ada04834,15,26,connected,enabled,43,39.313152,-120.52091
Sorrento F41L,9b62979e-d6a6-43d6-8a56-f34ef7a45170,31,29,disabled,enabled,80,34.056835,-117.48824
Sorrento F10L,a607af3a-ff11-4eff-8b0c-ec9277a22416,34,71,enabled,enabled,20,38.819923,-122.86526
Sorrento F32L,54f2f1e0-ac82-411e-9fa9-23b4b67ef797,32,72,enabled,enabled,0,34.429493,-117.96253
Ronin S3,7fbbeed4-bad8-45df-bd01-23cbaae94427,13,56,disabled,enabled,33,0.0,0.0
Ronin S1,31bbb0a1-55e3-4603-a4e8-d03025a6d1df,15,93,enabled,disabled,9,34.6017,-117.763435
Sorrento F01L,d77609af-b5f5-4eeb-8599-7d5a0303fabf,21,54,enabled,enabled,20,34.39853,-117.93076
Ronin S1,3a142c8e-6b50-4091-a39f-fd4c248bd3bf,23,63,enabled,enabled,68,37.46316,-121.41584
Sorrento F41L,3705b318-a86e-4f18-9828-468885387b58,27,48,enabled,connected,66,36.038403,-119.032715
Sorrento F41L,b0f905e7-58a2-45b7-a82e-ba5ff3709a5d,28,22,enabled,enabled,42,34.52591,-119.49005
iFruit 3,2913c9af-6969-4ce5-b798-8f94de8ae516,25,90,enabled,connected,15,34.21917,-118.38853
Sorrento F41L,8e258a2c-d371-463c-a75d-f3f621f6012b,20,54,enabled,connected,45,37.83346,-122.17499
Sorrento F20L,8df31d93-1102-45c1-ae21-4c92dda12189,28,96,disabled,enabled,13,0.0,0.0
Sorrento F41L,380ebdfa-3a68-46c3-a6da-8b6c9cf78a3f,34,72,enabled,connected,74,35.44346,-120.41489
Ronin S1,06158f92-02fa-4619-8be1-72fb42fb6e95,14,59,enabled,disabled,14,41.94025,-124.06096
Sorrento F10L,6edee18f-2d2d-4d77-ae03-75e1048f5ba8,18,22,enabled,enabled,24,38.122242,-121.95935
Sorrento F41L,58351567-93c1-4a19-8a67-19bee11d5d6e,20,66,enabled,enabled,77,34.683735,-118.27446
Sorrento F41L,b5cfeb49-ea7b-41b2-9a5e-091490ea0127,10,43,enabled,enabled,43,34.047752,-108.8815
Sorrento F00L,351ef08a-79bb-4e03-aa33-3704aa05372a,32,78,enabled,enabled,45,33.81987,-118.10273
Sorrento F41L,c4cddc72-56f9-4d62-9798-18cae11341a9,10,65,connected,enabled,80,33.203926,-116.47255
Sorrento F41L,801bd9ac-1bfb-4a6e-bb84-23793debbf00,32,50,enabled,enabled,42,35.716545,-120.44252
iFruit 5A,f11698ee-273c-4fa9-a6bd-a2dd71ca214a,11,52,disabled,enabled,40,44.430862,-122.809975
Sorrento F41L,f3d3955d-c619-47f1-a968-2024e9f5a1c7,11,52,disabled,connected,44,35.63402,-120.220604
Sorrento F41L,15aee3f7-0d01-4372-8244-ff5288934c27,18,48,enabled,connected,78,38.75075,-122.82503
Sorrento F41L,e740df96-163e-49d4-9040-4966c229f645,28,44,connected,enabled,83,34.661995,-118.30516
Ronin S3,284ff674-a65d-4911-994f-70a62a341f00,27,25,enabled,disabled,58,34.23929,-118.11746
Sorrento F41L,ef96c428-2d69-4a44-919d-03a7e05d306a,25,31,disabled,enabled,43,33.730896,-112.01871
Sorrento F41L,034a3f07-3ed7-45bd-a318-ff2c3eb47d47,21,56,enabled,disabled,51,33.639137,-111.728134
Sorrento F41L,86d93f67-0287-4e85-8472-076aa8b9fa42,26,30,enabled,connected,51,37.51292,-122.19966
Sorrento F30L,16b28827-8dc1-482b-a669-68e4bd8fe417,27,92,enabled,connected,24,38.50948,-122.92087
Sorrento F30L,e06baa07-f8ec-4280-b6b2-2b53f0083190,22,86,enabled,connected,61,41.159214,-117.2779
Sorrento F22L,86b23a19-2cbc-49e7-bdff-a906d11c9672,29,28,disabled,disabled,8,35.323658,-117.50621
Sorrento F11L,8ee0bcdc-2948-4cba-9d6d-1ff0432668c7,16,81,enabled,enabled,61,33.3613,-116.69479
Ronin Novelty Note 1,14118129-ee5a-4f73-b97a-70b94348f48a,30,81,enabled,disabled,46,45.117756,-117.449295
Ronin S1,db73dc98-18ed-4d75-90c4-25a5c944f6d3,15,37,enabled,enabled,58,34.192425,-118.55405
iFruit 5,cf2f61c1-791d-4db4-ad67-8c0e370d76dc,10,38,enabled,enabled,62,34.937546,-111.50438
Sorrento F41L,389d027a-1179-40a1-b1d5-47d82795c6de,22,45,enabled,connected,50,45.282997,-122.02522
Sorrento F24L,c543f803-51c0-4b29-b8e5-b5d7db9e8dc2,13,83,connected,enabled,8,36.65721,-121.10565
Sorrento F41L,846b14ef-69d0-44b9-9f7a-ff856b1a617b,20,74,enabled,enabled,96,38.02573,-119.90045
Sorrento F24L,6959e51e-a9ad-4b08-8fff-e2775348dee0,19,58,connected,connected,1,37.382893,-121.775665
Ronin S1,83830d0e-4009-4e81-b4cb-ed6200814d29,10,31,enabled,connected,51,33.034855,-117.00092
Sorrento F20L,8bff7da0-3b91-4862-ad62-5b70626aa591,33,78,connected,connected,12,34.503384,-118.85147
iFruit 5A,2c4c92e4-611b-4b8b-8716-612c38e6e4cd,31,97,enabled,enabled,32,34.050278,-118.10077
Sorrento F41L,c695c399-af6d-4aa4-9114-63ed6242be59,17,32,enabled,enabled,57,39.29455,-119.46863
Ronin Novelty Note 2,dd6a8a6c-2035-435f-a70e-9015572d049f,17,86,enabled,connected,4,34.14746,-117.68641
Sorrento F41L,9bc750f2-f74c-400b-b468-37f1c49d899f,12,28,connected,enabled,55,33.85584,-117.7665
Sorrento F41L,7822a71b-15ab-4d20-8db5-9bc282cc7f9d,17,30,enabled,disabled,62,0.0,0.0
Ronin S1,e75dc777-b531-4dbd-80d5-39c772666e6a,32,34,enabled,connected,69,33.381527,-116.391335
Sorrento F20L,8020bba7-e4b8-4e37-8084-01ba238ebcf4,18,22,connected,enabled,67,33.913193,-117.803444
iFruit 5,8415d2e6-824a-424d-8675-0afbcbca2d4c,27,46,enabled,enabled,14,34.82508,-111.44064
Sorrento F00L,4d403ad9-e8e1-46c0-b5ba-7628d4c4f6ae,25,83,disabled,connected,34,34.548454,-118.16807
Sorrento F41L,c912d459-c749-48f8-8e15-5707d926437c,13,70,disabled,enabled,86,42.075848,-123.97092
Sorrento F11L,f5592ce1-8120-46be-8e82-ff8f7108f4c3,18,21,enabled,enabled,44,0.0,0.0
Sorrento F41L,275e3122-d15f-48d7-ac07-18a90cbff286,22,54,enabled,enabled,93,34.437775,-117.49438
Sorrento F41L,02da2faf-5253-4bd4-a105-4d4dae277cad,14,22,enabled,connected,89,32.482418,-110.78909
Ronin Novelty Note 4,acd2503b-8882-4f84-8497-5b636f30c214,20,41,enabled,disabled,22,34.74821,-116.234726
Sorrento F41L,4d07d094-8636-420f-b1b7-a574b5dbf830,16,73,enabled,connected,55,37.868534,-122.088844
Sorrento F10L,9892be30-17ff-4091-b7ac-b6a1d77f9bbe,28,55,disabled,connected,59,34.35085,-117.952705
Sorrento F01L,d8aa6ff9-ad59-4590-9c19-3ebde8a024b0,25,62,enabled,connected,52,37.878418,-120.01992
Sorrento F21L,59b9ec07-f4bf-4b32-a064-35e48b7031d1,12,75,enabled,enabled,31,32.902702,-110.730576
Sorrento F41L,92f0ee6e-a56a-4e3c-808f-a6282c539ef8,14,57,enabled,enabled,67,32.493046,-110.88418
Sorrento F41L,4278ddf0-14da-42f5-aece-bb646179d17a,28,69,disabled,enabled,57,38.76058,-121.13061
Sorrento F41L,45a44d32-882d-4e3b-825d-8230d9fd31d3,11,45,connected,connected,55,36.3853,-120.858284
Ronin Novelty Note 1,378b7f98-3abb-497c-8ece-5d795c2503ec,16,93,enabled,disabled,25,37.461254,-121.29093
iFruit 3A,9261956e-59e2-4793-865f-35148fc80be4,14,79,disabled,enabled,63,45.441418,-117.74401
Sorrento F41L,b2f674b0-a94a-4740-86d4-99166594f7d7,11,46,enabled,connected,60,38.72401,-121.0178
iFruit 4,ae0d1b5e-8484-4638-92e3-f65293e058d5,34,39,enabled,enabled,47,37.49928,-121.97158
Sorrento F41L,e8200b60-5aff-4420-8685-6d3f69566e0c,10,32,enabled,enabled,50,33.97941,-118.01068
Sorrento F23L,2da9c0ca-1773-48a8-9bee-b9525c6bf478,22,30,connected,connected,5,34.520153,-117.51171
Sorrento F24L,6959e51e-a9ad-4b08-8fff-e2775348dee0,24,37,enabled,enabled,2,37.224094,-122.07675
iFruit 3,25063731-137b-4e2a-a581-dfd4ea32c185,27,54,connected,connected,15,43.114613,-122.703865
Sorrento F01L,8fd945d4-e140-40b2-9418-5f8f809e186b,34,71,enabled,enabled,16,34.01089,-116.57211
Sorrento F31L,281801b7-866d-44cf-9f6e-6448d756051d,10,86,connected,enabled,50,34.530273,-118.12078
Ronin S1,283817e6-91bc-4535-84e1-c0aca5538254,12,85,enabled,disabled,40,34.183636,-117.94239
Sorrento F20L,e564edb7-7fdb-44e5-b393-af0e3546326a,10,81,enabled,enabled,53,35.75619,-111.51206
iFruit 3,2913c9af-6969-4ce5-b798-8f94de8ae516,23,99,connected,connected,20,34.57135,-118.10566
Ronin S1,6bc87924-f103-4923-9520-c72cb2badcb1,34,93,enabled,enabled,21,34.005554,-118.013336
Ronin Novelty Note 2,dd6a8a6c-2035-435f-a70e-9015572d049f,30,87,enabled,connected,26,34.20803,-118.05318
Sorrento F41L,69e4d83e-bdd6-4cde-98f6-154706b7b3a4,26,74,disabled,enabled,65,36.32645,-114.845604
Sorrento F41L,b43df3f0-8468-4005-9905-0efd168ffdd9,21,42,enabled,enabled,76,33.18915,-116.47995
iFruit 5,f543fd3d-8c9e-4cad-a29a-71f194a917ac,31,25,enabled,enabled,34,34.417522,-116.46067
Sorrento F41L,df3d2e88-708e-4a0d-ac86-db181b189c83,20,55,enabled,enabled,52,34.690147,-111.63915
iFruit 1,bf701e1d-6f52-463b-a31a-0f95bae933ba,34,79,disabled,enabled,37,34.539864,-118.2174
iFruit 4,1122c3e2-3ac5-4a1a-a708-a97f94f6083e,20,20,enabled,enabled,4,33.691715,-111.91373
Sorrento F21L,5aed4b01-2b80-4d93-8f0d-9db303fa1db2,22,34,enabled,connected,17,38.26323,-121.96656
Sorrento F41L,955f602c-603a-47c5-a10f-c6f1e0c109eb,21,26,enabled,enabled,75,34.33993,-117.27995
Sorrento F22L,9c2f7109-f90f-43e4-9733-ac1bf53961b5,33,62,disabled,connected,0,0.0,0.0
Ronin S1,06158f92-02fa-4619-8be1-72fb42fb6e95,10,61,enabled,disabled,27,42.0216,-123.90712
Sorrento F41L,c5cad841-6e74-4dbb-b35b-63c4e20e3a43,33,44,enabled,enabled,71,34.249756,-117.92499
iFruit 3,b4700143-813b-4952-bc53-31c2d0fa6f06,18,75,enabled,enabled,31,39.53372,-114.41836
Ronin Novelty Note 1,fb152e3f-f072-41ef-8092-ecf8d59abcfd,23,98,enabled,disabled,53,36.316177,-114.74105
Sorrento F41L,e0ffe71d-e3c1-4ebc-afbb-388d6a23fc1e,29,47,enabled,enabled,50,39.430943,-121.07108
Sorrento F01L,5a1458c6-c2fc-43f9-9d64-9d1932885f91,34,54,disabled,connected,37,38.7388,-120.94404
Sorrento F41L,a9c2c885-64d5-498d-b4cc-5ff863d24b2f,14,41,enabled,connected,43,36.38482,-114.66485
iFruit 5,57ecb656-f558-4b7e-8a29-7941de477b91,20,76,enabled,enabled,29,37.205387,-122.03977
Sorrento F21L,c34f21b6-f512-4f45-af7a-e291ee188c01,15,53,enabled,connected,57,40.90527,-119.284546
Sorrento F32L,d9a85414-98d7-442a-80bb-5c9545a4849d,10,41,enabled,connected,49,42.165478,-124.09956
Sorrento F41L,bf95f479-722f-4409-8c2b-c85025dee382,12,20,enabled,enabled,72,33.310394,-111.70264
Sorrento F41L,1d9f4c7c-4393-47e9-9ad2-fc8079ca63e9,30,45,enabled,enabled,64,36.250225,-114.55932
Sorrento F11L,94a85b30-0085-4c55-a649-8f8577393728,23,85,enabled,enabled,6,45.17118,-117.74624
Sorrento F41L,d32f822c-e47a-4b09-9842-beb7a5387255,25,46,enabled,connected,68,40.01895,-122.53122
Sorrento F11L,6697fa3e-9b96-4048-9c2d-727cad56bd40,13,30,disabled,enabled,31,38.02612,-122.1905
Sorrento F41L,0c8b2d8b-aedb-40d4-8062-fd0d8117f397,14,52,enabled,enabled,97,34.274014,-117.86773
iFruit 2,f1e454d9-7420-4ae9-b7eb-10022a9e991e,24,35,enabled,enabled,32,32.995018,-116.82379
Ronin S4,7735919a-77c2-47cc-b756-1b6062b9cead,31,25,enabled,enabled,55,33.898933,-116.8973
Sorrento F31L,5f8a1769-ed57-44b7-afcf-4a6dfafb9f55,15,75,disabled,connected,6,37.507748,-121.63285
Sorrento F11L,0a5a3a27-7602-43ef-b5b9-f108276a5cc3,25,73,enabled,enabled,34,34.470043,-118.10321
Sorrento F22L,8192224c-2792-4c2d-8afc-a1284ca82c1e,15,48,connected,enabled,14,45.35224,-117.577896
Ronin Novelty Note 2,80600d70-735d-4c32-a0fe-d8f5924631c6,21,70,enabled,enabled,58,32.93424,-110.5107
Sorrento F22L,c090a13d-0ad0-496a-9681-972a9d5b2322,11,80,enabled,enabled,31,33.951496,-118.08625
Sorrento F00L,74d1888a-365c-4267-bfcb-ac0a4545a0bb,19,37,enabled,connected,29,34.044342,-118.16502
Ronin Novelty Note 2,b421b28c-f4a2-4527-bba0-44b5d7028d94,28,59,enabled,disabled,3,38.88288,-121.11943
Sorrento F41L,ee7ae08e-379c-496b-aa90-c432401a8e5e,19,41,enabled,enabled,78,33.721565,-112.04087
Sorrento F11L,666658ad-5976-40ad-b3e1-92e8c252a68b,33,65,enabled,connected,34,34.523495,-117.93032
Sorrento F41L,5f15279e-e589-4132-b626-e9d5069af976,30,40,connected,connected,49,39.66898,-114.39628
iFruit 3,96d9c4e4-a62d-44ba-8bbd-743b9577c979,10,99,enabled,enabled,61,33.32157,-111.68702
Sorrento F30L,c1dbf703-c766-4bd3-88a8-173789b98ce6,32,88,disabled,enabled,48,37.580627,-121.41756
Sorrento F01L,3f73e5a3-6a93-4f0e-833c-3cba09dd1353,24,21,enabled,enabled,24,36.333633,-114.56518
Sorrento F41L,01778005-b8e3-4f12-8826-9053a981e75f,15,40,enabled,connected,85,45.284897,-117.906235
Ronin S1,1530e986-839e-4185-8557-9e32e1ccdcfe,14,99,enabled,enabled,43,36.6177,-115.17198
Sorrento F21L,9b1b332c-657a-4ed4-9338-ea2e847d34a1,11,50,enabled,enabled,9,38.24401,-122.10802
iFruit 1,8c6f5bb9-83d5-4de0-8066-df934a1aa1ae,33,30,disabled,enabled,51,39.28036,-120.716576
Sorrento F41L,815ded68-2111-42dc-b9a0-9de602aee8d8,18,32,enabled,enabled,85,38.07503,-122.06635
Sorrento F41L,9c279a07-f593-43ac-8dd2-d6a2c16ba4b9,11,26,disabled,enabled,69,34.933464,-114.08788
Ronin S3,fb27b72a-3ef4-4286-a4ef-96684783a8d6,18,50,enabled,enabled,49,34.032276,-108.61933
Sorrento F41L,60942ce4-c7fb-4538-9863-050b53d87952,20,68,enabled,disabled,93,40.57665,-119.37393
Sorrento F41L,86d93f67-0287-4e85-8472-076aa8b9fa42,29,31,enabled,disabled,67,37.879234,-122.320885
Sorrento F21L,9b1b332c-657a-4ed4-9338-ea2e847d34a1,22,83,enabled,connected,18,38.417187,-122.085434
Ronin S2,1a7eadcd-ac8b-451d-a906-a810a90602a1,26,88,enabled,disabled,65,38.01758,-119.681496
Sorrento F22L,1c9d2497-a1bb-4354-9305-fb3efb21bc1e,24,64,enabled,enabled,1,34.544525,-118.02738
Sorrento F41L,149811f1-9bf4-474d-b364-435c9bb5eb40,34,72,enabled,connected,40,34.44942,-117.87848
Sorrento F01L,b3a9d53e-9c25-407d-94c7-02db6d45b62f,20,55,enabled,connected,47,35.71714,-120.23859
Sorrento F40L,b15b2297-ab13-48c3-a1b3-b661e55141fe,31,61,enabled,connected,40,38.165092,-121.81218
Sorrento F41L,3d46b419-f1d0-4650-8b29-31b8b63cbf4d,26,31,enabled,connected,40,38.58541,-121.11497
Sorrento F41L,b414652b-1751-43d5-a360-804d855205b9,14,50,disabled,enabled,69,34.012096,-118.213394
iFruit 5A,f933389d-9d5f-4bda-bda6-fe9bee21e43d,28,93,enabled,connected,47,36.31738,-120.758064
Sorrento F00L,6bba7f8a-e396-4aa2-9502-8c5c306a795f,26,48,enabled,disabled,11,37.76189,-121.87367
Sorrento F41L,0ec0a4ec-3bd3-4250-aa0f-31394654dcfb,31,20,enabled,connected,60,34.128002,-116.73864
Sorrento F41L,3705b318-a86e-4f18-9828-468885387b58,18,34,disabled,enabled,53,36.355694,-118.862686
Sorrento F21L,a7818884-d2a0-491b-88e8-f029efe68a2c,33,38,enabled,enabled,27,36.76325,-119.1595
Sorrento F20L,a86f97a5-1975-43e3-980b-90f0522109aa,16,25,connected,enabled,15,33.227993,-116.434296
Ronin Novelty Note 2,edf39960-7579-4c70-aa06-a3872aed24ed,22,75,enabled,enabled,39,36.10559,-114.48503
iFruit 1,bf701e1d-6f52-463b-a31a-0f95bae933ba,26,58,connected,connected,61,34.606514,-118.58366
Sorrento F00L,fd69473f-c9fb-49d4-a2c7-df58e0e1e449,20,53,enabled,connected,64,36.49015,-114.889244
Sorrento F41L,830fc9c3-cb66-46e5-8790-92d136eae5d8,31,20,enabled,disabled,79,38.080334,-121.93035
Sorrento F41L,216d7b5c-a225-43bc-a2dc-f3780d282c2b,34,22,disabled,connected,44,38.24906,-119.72624
Sorrento F01L,5759792f-d6cb-4e4f-8751-74e9a9b19017,11,60,enabled,enabled,19,37.590424,-121.64108
Sorrento F22L,ea5544b0-6fb1-484b-ba4f-be23f2821655,12,52,disabled,enabled,37,39.62348,-120.70586
Sorrento F22L,86b23a19-2cbc-49e7-bdff-a906d11c9672,12,38,enabled,connected,13,35.327744,-117.860565
Sorrento F00L,7a0498e2-5912-4558-9d34-418034b7507c,32,87,enabled,connected,5,34.5893,-118.39498
Ronin Novelty Note 4,9120a3bc-4a25-4a99-9d8e-b49fca1676e4,19,93,enabled,enabled,14,40.728447,-119.248764
Sorrento F41L,cd0a0626-727d-47bd-b6e8-ee58f2c37831,29,37,enabled,disabled,63,42.808975,-122.32443
Sorrento F01L,ba7f068f-6ca9-4143-aeae-b47c1f9be6b3,29,41,enabled,connected,35,34.88623,-115.49896
Sorrento F00L,5ed42bc1-57c8-4ed8-92b2-108b7b6787cf,22,75,disabled,enabled,27,33.159172,-116.92842
Sorrento F10L,a5c95065-f1f1-455e-b4bd-fea305d11abf,27,32,enabled,connected,43,35.70766,-120.50627
Sorrento F31L,8aa0d093-3592-445c-b2b7-5d6a25f3f223,12,41,disabled,enabled,62,34.32391,-117.87987
Sorrento F22L,38ec58c1-d412-4982-9196-0e9abae1a01b,16,87,connected,enabled,22,32.664265,-110.63159
Sorrento F41L,48977856-b7dc-41e6-a041-f3a93559653a,15,31,enabled,enabled,98,37.468292,-121.61419
Sorrento F20L,5e80ded9-cb94-4211-b4e3-a1dcc199437a,32,42,connected,enabled,36,36.132927,-119.02753
iFruit 1,d02ed1c5-299a-4a35-a6ce-72fe90e6402f,28,57,connected,connected,46,34.48047,-117.242836
Sorrento F10L,5e2b8aac-4a38-4ef4-b161-68493e6e6db2,25,53,disabled,enabled,56,37.64227,-121.89188
Sorrento F24L,7989e533-854b-4110-9fda-75c62cff5283,11,80,connected,connected,53,33.4033,-111.680756
Sorrento F41L,8a944388-a1eb-4144-baed-41f26dbad6bb,14,59,connected,disabled,46,37.46998,-122.30527
Sorrento F01L,7e395b08-187a-4d2b-ad3b-1bad3e8f07f1,24,45,enabled,enabled,7,34.905,-114.47239
Sorrento F41L,413ac457-bcd7-4215-90a5-3bd7181c8caa,28,61,disabled,enabled,83,37.19571,-121.39544
Sorrento F21L,98fa3a8c-47ee-4235-8c9b-fa0ad014720f,25,42,disabled,enabled,13,33.33637,-116.75398
Sorrento F20L,a86f97a5-1975-43e3-980b-90f0522109aa,32,66,disabled,disabled,31,33.115685,-116.59428
iFruit 2,f7cb6e4d-2589-4d32-b85b-53b4fdd0a1ab,33,71,disabled,enabled,12,37.230267,-121.6867
Sorrento F41L,3924379d-0a55-4a4e-b4ae-6a749653f1ba,12,30,enabled,enabled,64,35.864296,-120.301674
Sorrento F41L,3924379d-0a55-4a4e-b4ae-6a749653f1ba,20,52,enabled,connected,90,35.4711,-120.44519
Sorrento F41L,f04c4eb9-a153-47af-92f2-baf1fa05addc,32,20,disabled,enabled,51,39.942627,-122.52516
Sorrento F21L,50bb559c-9bbb-4e21-bc9b-7a0b301fdd62,18,65,enabled,connected,23,40.108234,-122.51824
Sorrento F41L,5e5e85ac-1fe0-45f0-8c74-c6cf9aa28c60,12,74,enabled,connected,78,37.31042,-121.47558
iFruit 1,8082a6ff-d54b-44df-9c17-cab67e05d10c,19,91,disabled,disabled,31,32.859417,-116.694176
Sorrento F23L,b8ca28b6-f004-4838-ac33-35cc91bfdb9e,34,89,enabled,connected,2,38.28238,-122.05977
Sorrento F40L,e5ce2c42-bad6-4a58-bc81-510a6cbb33cd,26,75,connected,disabled,67,34.139038,-118.01969
Ronin Novelty Note 4,5cc4af7f-007b-4ef2-a5f9-dc252039dfe4,12,90,enabled,connected,12,35.56365,-120.49215
iFruit 4A,e8905b9e-096a-4d0f-9c45-eca58eff4bba,33,52,enabled,connected,37,35.399303,-120.243484
iFruit 2,b40de831-430a-439c-8f9b-851486b34cbd,23,52,enabled,enabled,16,34.269814,-117.63576
Sorrento F41L,a4a4d7a3-ee88-45f2-94d2-f9e8ce00a439,24,62,enabled,connected,67,38.782104,-122.565475
Ronin Novelty Note 4,07a58766-bce4-4cb3-8928-c2ecd6d49419,33,96,enabled,enabled,38,33.58153,-112.14247
Sorrento F30L,28e4cd14-8e21-4e1c-964e-768fd18cf154,13,57,enabled,enabled,52,34.631863,-117.70264
Sorrento F41L,57360268-f2f8-4ee8-b14d-4ddd44b856c2,26,29,enabled,enabled,42,0.0,0.0
iFruit 1,e533a976-1a16-40bc-95cd-3d25cc4be0bd,28,60,enabled,connected,33,36.632183,-120.96022
Sorrento F41L,8cc3b47e-bd01-4482-b500-28f2342679af,34,62,enabled,connected,93,33.940907,-117.60363
Sorrento F11L,62b56822-f19c-4f50-bb37-817cbd2b7ade,26,62,enabled,connected,27,36.250763,-114.83193
Sorrento F23L,38c96ce3-0fb0-45d1-a02e-e8e2628a126a,34,96,connected,connected,69,36.38551,-113.80298
Ronin S2,1a7eca8d-60c9-4d25-8609-d6cfd1ac80a1,12,96,enabled,enabled,47,36.264084,-120.65053
Ronin S1,7458b77f-809b-4e01-b563-07407e9e6862,26,98,disabled,connected,18,0.0,0.0
Sorrento F32L,662034ac-af9c-4d78-ab86-6ed8aff13387,26,25,enabled,disabled,50,37.228897,-121.81007
Sorrento F23L,035504d0-34d8-4006-985e-9e1f4c0c990f,16,85,enabled,enabled,52,33.103687,-116.74606
Sorrento F41L,b0704903-9310-4de2-8c76-7762c7abe70e,19,43,enabled,enabled,44,34.20269,-118.38554
Sorrento F41L,5741c7a2-ae2b-45ea-bd04-32956ec49bab,12,42,connected,connected,89,34.25363,-117.82275
Sorrento F41L,0be273f2-e6d8-4544-89b5-4c5adf2738af,14,22,disabled,connected,40,34.27158,-117.60024
Sorrento F41L,695b45ac-7c8a-49e0-bfd5-3405c05e1f93,16,21,enabled,connected,40,0.0,0.0
Sorrento F41L,5d08d989-c873-4598-a3d1-19cf8f0984fd,16,55,connected,enabled,92,33.43516,-111.76668
Sorrento F41L,0d971b6f-e697-42c0-bf74-1d6b9e21c45d,14,72,enabled,connected,51,39.1867,-119.75709
Sorrento F41L,a6ede3c0-d8c1-46c2-a049-0c3dafe6b554,21,65,enabled,connected,86,45.934193,-122.88277
Ronin Novelty Note 1,14118129-ee5a-4f73-b97a-70b94348f48a,25,73,enabled,connected,1,45.37915,-117.55744
iFruit 1,a28ea986-0d77-480b-98d8-96b2ac84b6a4,11,39,enabled,connected,16,35.4809,-120.142586
Sorrento F41L,8385a360-41b4-4677-b7ba-311574854d9a,17,61,disabled,disabled,46,37.877087,-121.94938
Sorrento F31L,6a7b0c02-6de0-44fb-9abf-1848ffdb9713,27,87,enabled,enabled,1,0.0,0.0
Sorrento F22L,d4eb5831-314a-429b-993b-f586593c1b01,29,34,enabled,connected,34,34.03953,-117.98721
Sorrento F01L,675c9f3b-f17a-4d85-b0b2-4bb01a38e416,25,56,enabled,connected,29,38.02355,-119.99745
Sorrento F32L,18378129-7675-4a02-a9ef-f2cbda6d6eb0,29,28,connected,connected,5,35.43955,-120.115036
Sorrento F30L,c081e0a5-725a-4f10-a449-4cdc13dc7794,16,39,enabled,enabled,29,31.98361,-111.59452
Sorrento F00L,64c18370-c33e-40c9-841f-41e7829b14c8,26,92,disabled,enabled,9,45.76462,-122.90644
Sorrento F20L,e2464d1a-c8de-4e45-a678-d821b308fd37,18,99,disabled,enabled,47,34.036083,-117.90252
iFruit 1,f5bc7e57-6a1b-4aa3-bbc0-911fe1f2df3b,23,82,connected,enabled,44,38.418255,-121.27046
Sorrento F10L,2d999aa0-f2ca-4bf1-b1ce-4277483be4da,26,26,disabled,enabled,65,34.00268,-117.49592
iFruit 1,2365b478-b7b1-4088-b8a6-d2df0d0c97ae,13,42,disabled,enabled,63,35.323856,-115.590515
Sorrento F41L,ffa18088-69a0-433e-84b8-006b2b9cc1d0,32,44,connected,connected,90,33.897373,-117.538666
Sorrento F21L,f7e524db-e184-4384-a25b-5a6e83db09be,28,74,disabled,enabled,26,33.06439,-116.754715
Sorrento F41L,a02d771b-b422-46fd-8d00-14d935cd9ba7,21,60,enabled,connected,84,35.988796,-119.094696
Sorrento F41L,ecef7e29-1246-49f6-b8cc-02e90ebfef34,33,37,enabled,enabled,45,34.191017,-117.492485
Sorrento F41L,0968b20b-7828-4d00-99bf-707e27f995c1,10,67,enabled,enabled,40,0.0,0.0
Sorrento F41L,ff204369-2730-4e4a-8894-30d0b4f2afdf,30,44,disabled,connected,60,34.36627,-118.13855
Sorrento F41L,f629985f-820f-4288-a14e-371a8f47516a,21,72,enabled,enabled,83,34.52357,-116.13774
Sorrento F41L,161c10cd-79bf-42e2-b2ec-5e2dd193becf,18,69,enabled,enabled,97,39.181004,-121.32629
Sorrento F41L,d3633707-f743-4ef0-9d77-1d25814964a7,33,65,enabled,enabled,50,34.917557,-115.69676
Sorrento F41L,b414652b-1751-43d5-a360-804d855205b9,13,51,enabled,connected,51,34.05115,-117.98677
Sorrento F41L,be84b6ee-79a8-4136-9cd2-3769d9d29172,10,73,enabled,enabled,61,34.195087,-117.84165
Sorrento F00L,49216180-17d0-43fe-8da9-1ee05eeb2f29,22,39,connected,connected,63,37.40653,-122.234436
Sorrento F10L,9869207d-ae8b-4e69-97ca-1d086030eecc,13,47,enabled,connected,9,37.753803,-121.93858
Sorrento F40L,661f4160-1ce7-4e4f-91a0-5002170700e4,32,63,enabled,enabled,65,37.744644,-122.22374
Sorrento F22L,b0702798-dc75-4fdc-ba22-e83673acc30d,33,67,enabled,enabled,35,38.672176,-121.08303
Ronin Novelty Note 4,07a58766-bce4-4cb3-8928-c2ecd6d49419,12,50,enabled,enabled,36,33.437996,-112.17453
iFruit 3,cc45b5e4-f59e-4ce5-9aec-6eb6273a74ed,31,40,connected,connected,19,34.061367,-111.78304
Ronin Novelty Note 1,a246093f-5afb-4574-a9b8-0602b352103d,10,88,enabled,enabled,45,42.844807,-122.77188
iFruit 1,489de5e8-1335-4730-8bbb-6f56850b92d1,34,72,disabled,enabled,37,33.81517,-116.87854
Ronin Novelty Note 2,80600d70-735d-4c32-a0fe-d8f5924631c6,14,86,enabled,connected,36,32.916157,-110.47592
Sorrento F32L,f1070194-be3d-46ef-b251-574f21d79ad0,12,87,enabled,connected,12,36.500298,-114.54697
Sorrento F10L,c70b326f-024c-41fa-a783-49a414a29a46,34,76,enabled,enabled,47,37.264465,-121.31964
Sorrento F23L,e2dd2914-1e57-4dab-850e-cbce09fe1573,14,96,connected,connected,27,42.13658,-124.115906
Sorrento F10L,b366a551-094e-4ee5-8989-df5eee86faf5,17,87,enabled,enabled,58,38.383858,-122.35084
Sorrento F20L,7c7b3e97-ef49-4985-8429-6622c9fa1237,34,56,enabled,disabled,60,37.142593,-119.23035
Sorrento F00L,a4faa72e-79ab-41e8-8096-30ad4bda8f76,26,48,disabled,disabled,59,34.2412,-117.78001
Sorrento F20L,d88203f4-49cd-49a7-90b8-b2f8496b8910,23,86,enabled,connected,11,38.17151,-120.07527
iFruit 5A,f11698ee-273c-4fa9-a6bd-a2dd71ca214a,16,79,enabled,connected,42,44.537914,-122.91567
Sorrento F23L,2da9c0ca-1773-48a8-9bee-b9525c6bf478,14,41,disabled,enabled,44,34.509018,-117.60324
Sorrento F41L,ef5cce52-af0f-4d0d-b14a-866de8fbbfec,13,37,disabled,disabled,79,36.127026,-118.77869
Sorrento F11L,01aef7fe-c4a2-4976-bd21-ca6e82157bd1,15,20,enabled,enabled,14,34.249718,-117.697815
Ronin Novelty Note 4,9120a3bc-4a25-4a99-9d8e-b49fca1676e4,33,77,enabled,connected,63,40.646244,-119.11127
Sorrento F01L,1c89e51b-8664-4977-b8f3-cb4fcc416648,14,40,enabled,enabled,12,38.905445,-120.95145
Sorrento F41L,f72dd78e-fe23-4a3a-b2e3-954b12ef1027,19,32,connected,enabled,51,34.34914,-117.814964
Sorrento F41L,33c72e45-b2fc-41cd-a525-050c033d36ad,12,71,disabled,connected,64,34.488934,-118.49964
iFruit 3A,9261956e-59e2-4793-865f-35148fc80be4,10,95,enabled,enabled,23,0.0,0.0
Sorrento F41L,0ec0a4ec-3bd3-4250-aa0f-31394654dcfb,21,46,enabled,disabled,90,33.919685,-116.88192
iFruit 2,05b3823d-b616-4b8d-8a23-305b4d247779,32,74,enabled,enabled,54,44.25218,-122.94939
Sorrento F41L,f59683ad-d1d8-4178-8341-1591ca5d09cb,32,70,enabled,enabled,83,38.523014,-121.19392
Ronin Novelty Note 3,b84cbdfb-38d5-4f26-8c7d-fcb7a565eb0d,25,20,enabled,connected,64,43.02985,-122.39275
Sorrento F23L,b8ca28b6-f004-4838-ac33-35cc91bfdb9e,28,44,enabled,enabled,62,38.374332,-122.16709
Sorrento F40L,578a5cae-fb06-47c4-a160-4edb02dc641f,24,71,enabled,enabled,59,34.114223,-117.548996
Sorrento F00L,83259281-7e56-4676-a6bc-45e4041d4eae,25,96,enabled,enabled,60,39.009056,-121.0906
Sorrento F41L,aa96a91d-514d-4662-ab52-2a21879d9320,22,54,connected,enabled,69,36.345272,-114.79041
Sorrento F33L,25cdf595-500b-4f37-b5ad-0bd96d7a5e7b,25,76,connected,enabled,30,0.0,0.0
Sorrento F22L,f74b9008-5a7f-418d-a95a-5f40af2b040f,27,67,disabled,enabled,32,36.562515,-121.090454
Sorrento F41L,1c789ec1-eed8-478e-8123-d6d253f4fc97,24,51,enabled,enabled,74,36.283184,-118.90264
Sorrento F21L,dc25eaa9-11d3-4176-8033-a37062c5ec0d,21,34,enabled,enabled,25,34.320305,-118.28365
Sorrento F11L,7c6a7270-7273-468c-a266-4082fdddf85a,16,59,connected,connected,13,34.923836,-115.86194
iFruit 3A,3ab1a958-9019-4c52-860f-69e2d6eebbcc,27,53,connected,enabled,55,45.50466,-117.59777
Sorrento F24L,b868f34c-bccf-483c-bc90-572a376487c9,31,64,enabled,enabled,13,33.55132,-111.97952
Sorrento F41L,4da1b251-cb53-4e2a-8464-1f8de270d9ac,24,58,enabled,enabled,70,33.84058,-108.811485
Sorrento F41L,ef8c2b2e-436d-44c3-a383-512326b366ec,17,30,enabled,enabled,76,45.127476,-117.82733
Ronin S3,109571bc-dc39-42c7-88d9-8f53c89b9fd6,10,65,enabled,enabled,38,38.9016,-122.49373
Sorrento F11L,0bd0389d-1022-45d0-a105-a7eb3e7ceb8a,16,47,connected,enabled,64,38.90089,-122.9038
Sorrento F01L,8124f0d7-96b6-4dfb-8ed1-a362790ec0ea,33,94,connected,enabled,13,40.08802,-122.57279
iFruit 3A,9d3fefde-42d9-4673-ac1c-a30800270411,26,87,disabled,enabled,48,34.136246,-116.706
Ronin Novelty Note 2,dd6a8a6c-2035-435f-a70e-9015572d049f,33,56,enabled,enabled,4,34.25779,-117.82817
Sorrento F11L,01aef7fe-c4a2-4976-bd21-ca6e82157bd1,27,27,enabled,disabled,26,34.08977,-117.878044
Sorrento F41L,89f630b4-7d95-4f3c-aa83-d203b874ade6,10,29,enabled,connected,80,34.20257,-117.85681
Ronin Novelty Note 2,6384240f-f4a6-48f6-bca6-77eafbf3aee1,26,49,enabled,enabled,64,36.304974,-114.64996
iFruit 1,050cb394-c275-4121-ad4c-02a7bd9d7ed9,23,20,connected,connected,54,36.048824,-113.71406
Sorrento F41L,a28fc2ce-16c2-4703-9e63-9f16777d0874,15,50,disabled,enabled,90,36.647007,-114.806175
Sorrento F41L,796f406f-c7a9-4ff7-9f9a-fa01d98dfaf9,16,36,enabled,enabled,93,37.357395,-121.465195
Ronin Novelty Note 4,9120a3bc-4a25-4a99-9d8e-b49fca1676e4,26,63,enabled,enabled,19,40.57362,-119.2421
Sorrento F31L,da4f897e-e085-4297-b4f7-5c62fad9c760,12,89,enabled,disabled,57,36.53638,-121.058556
